City_ID,City,Country,Date,Lat,Lng,Max Temp,Humidity,Cloudiness,Wind Speed
0,Algiers,DZ,2022-05-21 02:04:38,36.7525,3.042,287.05,94,0,0.51
1,Jambi,ID,2022-05-21 02:00:19,-1.6,103.6167,297.77,95,98,2.61
2,Hermanus,ZA,2022-05-21 01:59:20,-34.4187,19.2345,286.79,74,46,2.16
3,Rikitea,PF,2022-05-21 01:59:36,-23.1203,-134.9692,296.54,77,9,3.48
4,Albany,US,2022-05-21 02:02:17,42.6001,-73.9662,293.0,82,100,1.34
5,Cherskiy,RU,2022-05-21 02:03:21,68.75,161.3,287.45,37,12,6.03
6,Evensk,RU,2022-05-21 02:04:39,61.95,159.2333,280.81,65,82,6.81
7,Ribeira Grande,PT,2022-05-21 02:00:38,38.5167,-28.7,290.93,97,100,4.0
8,Koungou,YT,2022-05-21 02:04:40,-12.7336,45.2042,296.99,94,0,3.09
9,Port Alfred,ZA,2022-05-21 01:59:20,-33.5906,26.891,289.36,71,100,2.12
10,Kambove,CD,2022-05-21 02:04:40,-10.8764,26.5969,289.88,72,80,0.55
11,Nanortalik,GL,2022-05-21 02:00:54,60.1432,-45.2371,275.95,84,18,2.23
12,Thompson,CA,2022-05-21 02:03:26,55.7435,-97.8558,275.64,72,100,4.55
13,Ushuaia,AR,2022-05-21 01:57:37,-54.8,-68.3,279.96,70,75,2.57
14,Saint-Philippe,RE,2022-05-21 02:02:00,-21.3585,55.7679,293.92,83,36,4.68
15,Avarua,CK,2022-05-21 02:00:37,-21.2078,-159.775,298.42,74,94,4.79
16,Vaini,TO,2022-05-21 02:00:52,-21.2,-175.2,297.93,72,100,4.65
17,Crestview,US,2022-05-21 02:02:41,30.7621,-86.5705,299.4,79,2,1.34
18,Clonakilty,IE,2022-05-21 02:04:42,51.6231,-8.8706,283.76,90,100,5.04
19,Coquimbo,CL,2022-05-21 02:03:16,-29.9533,-71.3436,289.09,75,100,1.88
20,Busselton,AU,2022-05-21 01:59:27,-33.65,115.3333,291.21,61,2,4.55
21,Arraial Do Cabo,BR,2022-05-21 01:57:38,-22.9661,-42.0278,293.08,75,46,4.6
22,Atuona,PF,2022-05-21 01:55:34,-9.8,-139.0333,298.51,66,0,3.46
23,Yellowknife,CA,2022-05-21 01:59:27,62.456,-114.3525,287.44,26,75,5.14
24,Clyde River,CA,2022-05-21 02:04:44,70.4692,-68.5914,268.31,89,100,2.13
25,Grindavik,IS,2022-05-21 02:04:44,63.8424,-22.4338,282.41,87,0,3.6
26,Galesong,ID,2022-05-21 02:04:45,-5.3166,119.3661,301.16,68,90,0.45
27,Lompoc,US,2022-05-21 02:00:37,34.6391,-120.4579,293.23,66,14,1.79
28,Hithadhoo,MV,2022-05-21 02:00:49,-0.6,73.0833,301.39,72,20,4.24
29,Jamestown,US,2022-05-21 02:00:39,42.097,-79.2353,296.32,86,100,1.79
30,Ostrovnoy,RU,2022-05-21 02:04:46,68.0531,39.5131,273.31,66,99,2.93
31,Saskylakh,RU,2022-05-21 01:59:23,71.9167,114.0833,273.34,96,97,3.52
32,Hobart,AU,2022-05-21 01:50:23,-42.8794,147.3294,284.41,80,20,4.63
33,Carnarvon,AU,2022-05-21 02:00:20,-24.8667,113.6333,295.5,49,1,2.66
34,Turan,VN,2022-05-21 02:00:09,16.0678,108.2208,303.14,70,40,0.51
35,Cabo San Lucas,MX,2022-05-21 02:00:01,22.8909,-109.9124,298.49,64,0,3.13
36,Iqaluit,CA,2022-05-21 01:56:29,63.7506,-68.5145,272.0,86,100,3.6
37,Dikson,RU,2022-05-21 02:00:45,73.5069,80.5464,271.22,88,97,2.96
38,Fort Nelson,CA,2022-05-21 02:04:47,58.8053,-122.7002,287.91,21,6,0.75
39,Bacalar,MX,2022-05-21 02:04:48,18.6667,-88.3833,302.21,79,75,5.66
40,Tucurui,BR,2022-05-21 02:04:48,-3.7661,-49.6725,294.53,92,99,0.54
41,Fairbanks,US,2022-05-21 02:04:48,64.8378,-147.7164,296.82,29,10,0.89
42,Mar Del Plata,AR,2022-05-21 01:58:15,-38.0023,-57.5575,284.23,79,0,3.6
43,Hilo,US,2022-05-21 01:59:02,19.7297,-155.09,301.08,83,31,2.24
44,Lorengau,PG,2022-05-21 02:04:49,-2.0226,147.2712,302.06,76,100,4.17
45,Saldanha,ZA,2022-05-21 02:00:47,-33.0117,17.9442,287.41,76,12,4.59
46,Zambezi,ZM,2022-05-21 02:04:50,-13.5432,23.1047,287.67,62,0,2.06
47,Broadstairs,GB,2022-05-21 02:04:50,51.3591,1.4394,284.37,91,45,1.34
48,Tuatapere,NZ,2022-05-21 02:03:17,-46.1333,167.6833,281.35,81,98,9.5
49,Punta Arenas,CL,2022-05-21 01:56:46,-53.15,-70.9167,278.77,93,100,2.3
50,Faanui,PF,2022-05-21 02:02:05,-16.4833,-151.75,300.16,70,18,3.14
51,Mataura,NZ,2022-05-21 02:02:07,-46.1927,168.8643,279.75,90,99,6.6
52,Belmonte,BR,2022-05-21 02:05:51,-15.8631,-38.8828,294.22,65,13,2.8
53,Little Current,CA,2022-05-21 02:05:52,45.9793,-81.9248,283.08,100,99,6.28
54,Kaberamaido,UG,2022-05-21 02:05:52,1.7389,33.1594,292.47,92,99,2.47
55,Alekseyevsk,RU,2022-05-21 02:05:53,57.8406,108.3492,288.53,64,100,1.25
56,Alta Floresta,BR,2022-05-21 02:05:53,-9.8756,-56.0861,291.42,67,87,0.93
57,Haines Junction,CA,2022-05-21 02:05:53,60.7522,-137.5108,287.89,40,56,1.02
58,Tuktoyaktuk,CA,2022-05-21 02:02:03,69.4541,-133.0374,274.15,94,100,2.43
59,Port Hardy,CA,2022-05-21 02:03:24,50.6996,-127.4199,284.48,73,0,4.95
60,Poli,TZ,2022-05-21 02:05:54,-3.3333,36.8,286.88,94,99,1.71
61,Grand Gaube,MU,2022-05-21 02:05:55,-20.0064,57.6608,297.25,74,51,1.79
62,Nazarovo,RU,2022-05-21 02:05:55,56.0064,90.3914,290.7,48,100,8.12
63,Ilulissat,GL,2022-05-21 01:59:30,69.2167,-51.1,271.5,81,100,2.21
64,Nome,US,2022-05-21 02:05:56,64.5011,-165.4064,292.13,40,100,5.4
65,Vostok,RU,2022-05-21 02:05:56,46.4856,135.8833,295.08,36,83,4.35
66,Osecina,RS,2022-05-21 02:05:56,44.3731,19.6014,288.12,48,23,2.62
67,Moose Factory,CA,2022-05-21 02:05:57,51.2585,-80.6094,285.14,82,75,7.2
68,Egvekinot,RU,2022-05-21 02:02:45,66.3167,-179.1667,280.68,56,32,1.61
69,Barrow,US,2022-05-21 01:59:35,71.2906,-156.7887,273.21,99,100,2.54
70,Khatanga,RU,2022-05-21 02:03:26,71.9667,102.5,277.61,76,100,5.58
71,Provost,CA,2022-05-21 02:05:58,52.3501,-110.2683,278.67,46,100,5.05
72,Airai,TL,2022-05-21 02:00:44,-8.9266,125.4092,295.87,50,83,2.57
73,Vanavara,RU,2022-05-21 02:01:19,60.34,102.2797,290.94,46,4,1.97
74,Ferme-Neuve,CA,2022-05-21 02:05:59,46.7001,-75.4493,293.88,76,94,6.4
75,Abu Samrah,SY,2022-05-21 02:05:59,35.3029,37.1841,289.94,31,0,3.0
76,Merida,MX,2022-05-21 02:03:48,20.9667,-89.6167,305.16,51,20,7.2
77,Katsuura,JP,2022-05-21 02:06:00,35.1333,140.3,291.7,78,100,5.45
78,La Libertad,EC,2022-05-21 02:06:00,-2.2333,-80.9,295.67,84,100,3.31
79,Vilyuysk,RU,2022-05-21 02:06:01,63.7553,121.6247,286.71,38,100,0.34
80,West Wendover,US,2022-05-21 02:06:01,40.7391,-114.0733,284.96,22,64,4.39
81,Umm Lajj,SA,2022-05-21 02:02:01,25.0213,37.2685,301.0,52,0,3.59
82,Chokurdakh,RU,2022-05-21 02:06:02,70.6333,147.9167,275.1,100,85,3.18
83,Severo-Kurilsk,RU,2022-05-21 02:02:04,50.6789,156.125,279.75,86,100,6.88
84,Tasiilaq,GL,2022-05-21 02:06:02,65.6145,-37.6368,271.78,81,0,2.66
85,Kodiak,US,2022-05-21 02:06:03,57.79,-152.4072,280.26,85,100,8.88
86,Bara,NG,2022-05-21 02:06:03,10.3744,10.7288,299.85,69,98,5.04
87,Kapaa,US,2022-05-21 02:00:54,22.0752,-159.319,300.14,91,35,0.89
88,Iralaya,HN,2022-05-21 02:06:04,15.0,-83.2333,300.19,85,100,7.03
89,Dunedin,NZ,2022-05-21 02:06:04,-45.8742,170.5036,283.04,62,100,12.52
90,Shahrud,IR,2022-05-21 02:06:05,36.4182,54.9763,286.66,67,69,7.7
91,Takaka,NZ,2022-05-21 02:06:05,-40.85,172.8,289.02,57,3,5.53
92,Ulaangom,MN,2022-05-21 02:06:05,49.9811,92.0667,290.61,41,6,2.5
93,Pelym,RU,2022-05-21 02:06:06,61.0108,61.9978,274.88,95,100,1.98
94,Puerto Carreno,CO,2022-05-21 02:07:06,6.189,-67.4859,299.31,71,2,2.41
95,Great Falls,US,2022-05-21 02:07:07,47.5002,-111.3008,279.08,75,100,5.14
96,Harper,LR,2022-05-21 02:07:07,4.375,-7.7169,298.55,86,100,3.02
97,Bethel,US,2022-05-21 02:03:25,41.3712,-73.414,291.13,92,100,0.45
98,Benguela,AO,2022-05-21 02:00:33,-12.5763,13.4055,293.59,79,9,1.14
99,Tagusao,PH,2022-05-21 02:07:09,9.1924,117.8141,302.94,67,99,1.05
100,Olafsvik,IS,2022-05-21 02:07:09,64.8945,-23.7142,281.15,90,100,4.03
101,Mitoc,RO,2022-05-21 02:07:09,48.1,27.0333,289.65,66,32,1.71
102,Koslan,RU,2022-05-21 02:07:10,63.4564,48.8989,272.36,72,98,3.88
103,Vardo,NO,2022-05-21 02:07:10,70.3705,31.1107,276.14,81,100,9.77
104,Alofi,NU,2022-05-21 02:07:11,-19.0595,-169.9187,299.27,77,28,3.53
105,Souillac,MU,2022-05-21 01:59:28,-20.5167,57.5167,296.36,88,40,5.14
106,Micheweni,TZ,2022-05-21 02:07:11,-4.9667,39.8333,298.21,85,99,4.32
107,Sabha,LY,2022-05-21 02:07:12,27.0377,14.4283,291.83,36,0,7.8
108,Isangel,VU,2022-05-21 02:07:12,-19.55,169.2667,300.0,83,26,10.86
109,Port Elizabeth,ZA,2022-05-21 02:07:13,-33.918,25.5701,286.66,99,100,0.89
110,Vila Do Maio,CV,2022-05-21 02:07:13,15.1333,-23.2167,294.87,85,81,6.22
111,Cape Town,ZA,2022-05-21 01:58:53,-33.9258,18.4232,285.52,86,75,2.57
112,Bubaque,GW,2022-05-21 02:07:14,11.2833,-15.8333,298.92,79,48,5.79
113,Bluff,NZ,2022-05-21 01:59:24,-46.6,168.3333,281.43,76,98,16.01
114,Zhigansk,RU,2022-05-21 02:02:27,66.7697,123.3711,278.1,73,5,2.41
115,Eureka,US,2022-05-21 02:06:32,40.8021,-124.1637,291.86,72,0,5.81
116,Adrar,MR,2022-05-21 02:07:14,20.5022,-10.0711,303.31,9,100,3.95
117,San Jose,US,2022-05-21 02:05:08,37.3394,-121.895,297.53,30,0,4.63
118,Aksu,CN,2022-05-21 02:07:15,41.1231,80.2644,299.34,24,94,2.84
119,Kruisfontein,ZA,2022-05-21 02:07:15,-34.0033,24.7314,285.31,88,79,3.24
120,Seoul,KR,2022-05-21 02:01:17,37.5683,126.9778,295.81,50,18,3.23
121,Husavik,IS,2022-05-21 02:07:16,66.0449,-17.3389,282.25,76,67,0.55
122,Biak,ID,2022-05-21 02:07:16,-0.9131,122.8766,299.04,85,97,3.47
123,Butaritari,KI,2022-05-21 02:01:55,3.0707,172.7902,300.56,73,62,6.06
124,Araouane,ML,2022-05-21 02:07:17,18.9048,-3.5265,303.37,14,44,1.99
125,Klaksvik,FO,2022-05-21 02:06:14,62.2266,-6.589,282.66,96,100,6.02
126,Kumta,IN,2022-05-21 02:07:18,14.4167,74.4,297.06,90,100,0.59
127,Tiksi,RU,2022-05-21 02:07:18,71.6872,128.8694,273.37,89,100,2.42
128,Suluq,LY,2022-05-21 02:07:18,31.6682,20.2521,289.48,67,0,4.08
129,Sitka,US,2022-05-21 01:59:01,57.0531,-135.33,288.47,53,22,1.43
130,Nishihara,JP,2022-05-21 02:00:42,26.1842,127.7558,297.97,83,75,7.2
131,Upernavik,GL,2022-05-21 02:00:50,72.7868,-56.1549,264.86,97,72,4.09
132,Cowra,AU,2022-05-21 02:07:20,-33.8333,148.6833,290.68,56,98,5.08
133,Wschowa,PL,2022-05-21 02:07:20,51.807,16.3166,290.07,98,96,10.27
134,Bambous Virieux,MU,2022-05-21 01:59:31,-20.3428,57.7575,297.16,88,40,5.14
135,Tigil,RU,2022-05-21 02:07:21,57.8,158.6667,282.28,71,100,5.17
136,Usinsk,RU,2022-05-21 02:07:21,65.9939,57.5281,273.16,68,100,6.55
137,Disna,BY,2022-05-21 02:07:21,55.568,28.1971,284.09,99,100,0.69
138,Nikolskoye,RU,2022-05-21 01:59:25,59.7035,30.7861,278.09,77,83,2.27
139,San Cristobal,VE,2022-05-21 02:08:22,7.7669,-72.225,291.66,88,14,1.13
140,East London,ZA,2022-05-21 02:03:17,-33.0153,27.9116,289.55,70,100,3.83
141,Honningsvag,NO,2022-05-21 02:08:23,70.9821,25.9704,278.01,70,100,4.12
142,Geraldton,AU,2022-05-21 02:08:23,-28.7667,114.6,291.38,82,0,3.6
143,Mount Pleasant,US,2022-05-21 02:03:55,32.7941,-79.8626,299.87,91,100,5.66
144,Ormara,PK,2022-05-21 02:08:24,25.2088,64.6357,300.68,92,4,5.69
145,New Norfolk,AU,2022-05-21 02:02:12,-42.7826,147.0587,284.22,61,10,0.7
146,Codrington,AU,2022-05-21 02:03:24,-38.2667,141.9667,287.4,60,5,3.33
147,Half Moon Bay,US,2022-05-21 02:08:24,37.4636,-122.4286,296.37,69,0,7.2
148,Kahului,US,2022-05-21 02:06:40,20.8947,-156.47,298.55,77,48,2.78
149,Dangara,IN,2022-05-21 02:08:25,29.6799,75.8931,308.65,16,1,4.95
150,Hella,NO,2022-05-21 02:08:25,67.2,14.4333,281.42,94,75,3.6
151,Porto Novo,BJ,2022-05-21 02:08:26,6.4965,2.6036,299.24,85,100,3.26
152,Timizart,DZ,2022-05-21 02:08:26,36.8,4.2667,293.34,52,9,2.55
153,Asau,RO,2022-05-21 01:59:34,46.4333,26.4,281.66,76,7,3.12
154,Charters Towers,AU,2022-05-21 02:05:20,-20.1,146.2667,295.59,68,98,5.38
155,Maraa,BR,2022-05-21 02:08:27,-1.8333,-65.3667,294.51,98,62,0.37
156,Ancud,CL,2022-05-21 02:00:11,-41.8697,-73.8203,284.25,90,100,5.78
157,Qaanaaq,GL,2022-05-21 02:03:18,77.484,-69.3632,262.28,88,95,2.06
158,Guerrero Negro,MX,2022-05-21 02:00:44,27.9769,-114.0611,291.53,72,0,6.8
159,Karratha,AU,2022-05-21 02:08:28,-20.7377,116.8463,300.23,59,2,2.45
160,Georgetown,MY,2022-05-21 01:58:35,5.4112,100.3354,304.11,82,20,1.54
161,Bukene,TZ,2022-05-21 02:08:29,-4.2333,32.8833,289.31,76,100,2.25
162,Kharan,PK,2022-05-21 02:08:29,28.5833,65.4167,300.57,13,0,0.15
163,Esperance,AU,2022-05-21 01:59:22,-33.8667,121.9,292.68,59,14,2.7
164,Vanimo,PG,2022-05-21 02:08:30,-2.6741,141.3028,303.02,66,47,3.19
165,Moron,AR,2022-05-21 02:08:30,-34.6534,-58.6198,287.03,82,100,2.71
166,Ovre Ardal,NO,2022-05-21 02:08:31,61.3167,7.8,279.53,98,100,1.19
167,Tokur,RU,2022-05-21 02:01:59,53.1333,132.9,275.6,97,100,1.93
168,Tadine,NC,2022-05-21 02:08:31,-21.55,167.8833,296.23,91,100,10.95
169,Tiarei,PF,2022-05-21 02:08:32,-17.5333,-149.3333,302.16,72,3,2.48
170,Luderitz,NA,2022-05-21 02:08:32,-26.6481,15.1594,283.43,72,0,4.83
171,Lebu,CL,2022-05-21 02:08:33,-37.6167,-73.65,283.33,91,33,2.95
172,Ilebo,CD,2022-05-21 02:08:33,-4.3167,20.5833,295.23,99,100,0.82
173,Riyadh,SA,2022-05-21 02:08:33,24.6877,46.7219,303.15,12,0,3.32
174,Boddam,GB,2022-05-21 02:08:34,57.4667,-1.7833,283.36,89,61,4.17
175,Reforma,MX,2022-05-21 02:08:34,18.1,-91.0167,304.61,52,67,7.06
176,Bredasdorp,ZA,2022-05-21 02:00:42,-34.5322,20.0403,283.17,83,13,2.81
177,Yuci,CN,2022-05-21 02:08:35,37.6803,112.7319,295.01,37,0,2.0
178,Saint-Francois,FR,2022-05-21 02:08:35,46.4154,3.9054,290.84,82,100,2.57
179,Bilma,NE,2022-05-21 02:01:55,18.6853,12.9164,303.71,12,59,9.17
180,Praya,CV,2022-05-21 02:08:36,14.9215,-23.5087,294.44,86,43,5.56
181,Havre-Saint-Pierre,CA,2022-05-21 02:08:37,50.2334,-63.5986,280.46,69,100,5.32
182,Cacule,BR,2022-05-21 02:08:37,-14.5033,-42.2222,288.81,41,95,1.77
183,Avanigadda,IN,2022-05-21 02:08:37,16.0215,80.9181,301.89,66,100,4.84
184,Biltine,TD,2022-05-21 02:08:38,14.5333,20.9167,301.39,12,44,4.56
185,Rio Do Sul,BR,2022-05-21 02:09:38,-27.2142,-49.6431,281.14,85,0,0.32
186,San Patricio,US,2022-05-21 02:09:39,28.017,-97.5169,301.2,78,1,11.77
187,Padang,ID,2022-05-21 02:09:39,-0.9492,100.3543,300.18,70,98,0.92
188,Zaozerne,UA,2022-05-21 02:09:39,45.1582,33.2787,287.1,84,94,5.79
189,Guozhen,CN,2022-05-21 02:09:40,34.3659,107.359,298.41,45,100,0.08
190,Chuy,UY,2022-05-21 02:03:16,-33.6971,-53.4616,282.25,86,32,2.76
191,Samarai,PG,2022-05-21 02:09:41,-10.6167,150.6667,301.59,72,24,3.75
192,Longyearbyen,SJ,2022-05-21 02:00:40,78.2186,15.6401,274.06,80,75,3.6
193,Erzin,TR,2022-05-21 02:09:41,36.9559,36.2,289.62,36,0,2.23
194,Constitucion,CL,2022-05-21 02:03:16,-35.3333,-72.4167,283.99,85,3,3.56
195,Naze,JP,2022-05-21 02:09:42,28.3667,129.4833,293.71,90,100,9.53
196,Kutum,SD,2022-05-21 02:09:42,14.2,24.6667,297.46,15,1,6.32
197,Banepa,NP,2022-05-21 02:09:42,27.6298,85.5214,290.33,82,75,1.54
198,Mandalgovi,MN,2022-05-21 02:09:43,45.7625,106.2708,295.28,21,56,3.1
199,Te Anau,NZ,2022-05-21 02:06:33,-45.4167,167.7167,280.68,79,98,2.68
200,Sheridan,US,2022-05-21 02:09:31,44.8333,-106.9173,277.6,72,86,3.13
201,San Jeronimo,PE,2022-05-21 02:09:44,-11.9472,-75.2829,281.06,82,25,1.5
202,Puerto Ayora,EC,2022-05-21 02:09:44,-0.7393,-90.3518,295.68,96,4,1.79
203,Uruzgan,AF,2022-05-21 02:09:45,32.8333,66.0,290.92,34,0,1.9
204,Chernyshevskiy,RU,2022-05-21 02:09:45,63.0128,112.4714,284.45,64,100,2.52
205,Bulaevo,KZ,2022-05-21 02:09:45,54.9056,70.4439,285.37,62,74,6.75
206,Yeroham,IL,2022-05-21 02:09:46,30.9872,34.9314,295.82,25,100,2.21
207,Batemans Bay,AU,2022-05-21 02:09:46,-35.7167,150.1833,288.76,59,89,3.09
208,Cacu,BR,2022-05-21 02:09:47,-18.5567,-51.1308,284.28,55,0,0.66
209,Provideniya,RU,2022-05-21 02:09:47,64.3833,-173.3,282.44,55,84,4.05
210,Kampot,KH,2022-05-21 02:09:47,10.6167,104.1833,305.18,70,95,4.78
211,Tutoia,BR,2022-05-21 02:09:48,-2.7619,-42.2744,297.44,89,39,1.25
212,Kaitangata,NZ,2022-05-21 02:09:49,-46.2817,169.8464,280.42,84,99,9.55
213,Paka,MY,2022-05-21 02:09:49,4.6374,103.4368,301.98,74,99,2.3
214,Camacha,PT,2022-05-21 02:09:49,33.0833,-16.3333,289.83,77,20,4.12
215,Makakilo City,US,2022-05-21 02:09:50,21.3469,-158.0858,300.01,73,100,1.54
216,Meadow Lake,US,2022-05-21 02:09:50,34.8014,-106.5436,299.73,10,1,8.25
217,Mackay,AU,2022-05-21 02:05:02,-21.15,149.2,294.64,82,91,7.79
218,Torbay,CA,2022-05-21 02:00:43,47.6666,-52.7314,279.2,83,21,0.45
219,Neiafu,TO,2022-05-21 02:09:51,-18.65,-173.9833,299.57,78,25,7.21
220,Alghero,IT,2022-05-21 02:09:52,40.5589,8.3181,288.2,100,0,0.51
221,Otautau,NZ,2022-05-21 02:09:52,-46.15,168.0,280.8,82,98,6.88
222,Notodden,NO,2022-05-21 02:09:53,59.5594,9.2585,285.91,87,100,1.21
223,Kavaratti,IN,2022-05-21 02:09:53,10.5669,72.642,301.77,76,63,6.75
224,Salalah,OM,2022-05-21 02:09:53,17.0151,54.0924,298.65,87,99,1.85
225,Hasaki,JP,2022-05-21 02:02:12,35.7333,140.8333,294.42,68,100,5.39
226,Koumac,NC,2022-05-21 02:09:54,-20.5667,164.2833,299.79,77,59,5.55
227,Dicabisagan,PH,2022-05-21 02:10:55,17.0818,122.4157,302.86,67,92,2.3
228,Fukue,JP,2022-05-21 02:10:55,32.6881,128.8419,292.88,70,49,8.03
229,Srednekolymsk,RU,2022-05-21 02:10:55,67.45,153.6833,288.16,35,71,3.99
230,Jardim,BR,2022-05-21 02:10:56,-21.4803,-56.1381,284.26,60,0,1.91
231,Kavieng,PG,2022-05-21 02:10:56,-2.5744,150.7967,302.47,71,36,5.47
232,Paita,PE,2022-05-21 02:10:57,-5.0892,-81.1144,292.67,79,50,5.3
233,Bulqize,AL,2022-05-21 02:10:57,41.4917,20.2219,279.33,60,3,1.17
234,Burley,US,2022-05-21 02:10:57,42.5357,-113.7928,286.59,20,13,4.92
235,Faya,SA,2022-05-21 02:02:11,18.3851,42.4509,291.82,17,2,3.54
236,Durant,US,2022-05-21 02:10:58,33.994,-96.3708,303.35,58,40,5.66
237,Takoradi,GH,2022-05-21 02:02:01,4.8845,-1.7554,298.7,88,100,3.27
238,Antofagasta,CL,2022-05-21 02:10:59,-23.65,-70.4,290.09,74,94,2.01
239,Berlevag,NO,2022-05-21 02:10:59,70.8578,29.0864,277.12,65,100,8.23
240,Wahiawa,US,2022-05-21 02:10:11,21.5028,-158.0236,299.01,73,100,1.54
241,Zabol,AF,2022-05-21 02:11:00,32.25,67.25,290.32,19,0,2.62
242,Le Port,RE,2022-05-21 02:11:00,-20.9373,55.2919,296.13,66,6,1.7
243,Politika,GR,2022-05-21 02:11:00,38.6,23.55,290.37,59,0,2.04
244,Kropotkin,RU,2022-05-21 02:11:01,45.4375,40.5756,284.96,76,71,7.7
245,Gambissara,SN,2022-05-21 02:11:01,13.2382,-14.3108,298.64,68,59,4.67
246,Ucluelet,CA,2022-05-21 02:11:02,48.9329,-125.5528,286.53,81,36,1.34
247,Jackson,US,2022-05-21 02:02:32,42.4165,-122.8345,291.51,38,1,0.89
248,Cayenne,GF,2022-05-21 02:00:06,4.9333,-52.3333,297.09,1,0,0.0
249,Tabou,CI,2022-05-21 02:11:03,4.423,-7.3528,298.4,88,100,3.05
250,Erenhot,CN,2022-05-21 02:11:03,43.6475,111.9767,299.05,14,37,3.23
251,Coruripe,BR,2022-05-21 02:11:04,-10.1256,-36.1756,297.37,90,100,3.54
252,Puerto Escondido,MX,2022-05-21 02:11:04,15.85,-97.0667,300.65,66,7,4.3
253,Avera,US,2022-05-21 02:11:05,33.194,-82.5271,299.88,52,97,1.58
254,Victoria Point,AU,2022-05-21 02:11:05,-27.5833,153.3,292.12,97,100,0.45
255,Lavrentiya,RU,2022-05-21 02:11:06,65.5833,-171.0,275.43,95,20,3.79
256,Necochea,AR,2022-05-21 02:06:18,-38.5473,-58.7368,284.08,59,100,4.81
257,Okakarara,NA,2022-05-21 02:11:06,-20.5833,17.4333,275.25,39,0,2.3
258,Lagoa,PT,2022-05-21 02:11:07,39.05,-27.9833,289.84,97,100,5.69
259,Mogwase,ZA,2022-05-21 02:11:07,-25.185,27.2665,283.3,71,100,1.86
260,Leningradskiy,RU,2022-05-21 02:02:08,69.3833,178.4167,273.82,97,87,4.46
261,Brownsville,US,2022-05-21 02:00:26,25.9018,-97.4975,302.09,82,100,4.47
262,Santo Antonio Do Leverger,BR,2022-05-21 02:11:08,-15.8656,-56.0767,286.36,52,57,1.07
263,Coos Bay,US,2022-05-21 02:11:09,43.3665,-124.2179,286.06,100,0,1.34
264,Fortuna,US,2022-05-21 02:11:09,40.5982,-124.1573,288.63,72,0,7.2
265,West Bay,KY,2022-05-21 02:11:09,19.3667,-81.4167,300.97,80,100,3.58
266,Simbahan,PH,2022-05-21 02:11:10,6.3032,120.5836,301.75,68,100,0.83
267,Rio Grande,BR,2022-05-21 02:11:10,-32.035,-52.0986,284.76,79,9,2.94
268,Barabinsk,RU,2022-05-21 02:11:11,55.3571,78.357,285.71,64,99,0.91
269,Castro,BR,2022-05-21 02:08:41,-24.7911,-50.0119,279.35,86,0,1.2
270,Daru,PG,2022-05-21 02:10:06,-9.0763,143.2092,301.9,70,38,4.97
271,Porto Walter,BR,2022-05-21 02:11:12,-8.2686,-72.7439,294.25,76,100,0.63
272,Imbituba,BR,2022-05-21 02:12:12,-28.24,-48.6703,288.63,98,4,1.56
273,Yeppoon,AU,2022-05-21 02:12:12,-23.1333,150.7333,291.03,93,100,7.98
274,Dengzhou,CN,2022-05-21 02:12:13,37.8086,120.7508,296.89,44,0,6.88
275,Yulara,AU,2022-05-21 02:12:13,-25.2406,130.9889,291.98,42,88,5.14
276,Turulung,RO,2022-05-21 02:12:14,47.9333,23.0833,285.31,75,91,2.25
277,Brae,GB,2022-05-21 02:12:14,60.3964,-1.353,283.27,92,100,4.08
278,Zyryanka,RU,2022-05-21 02:12:14,65.75,150.85,286.15,38,100,7.83
279,Teguldet,RU,2022-05-21 02:07:42,57.3064,88.1667,288.1,61,54,5.84
280,Los Llanos De Aridane,ES,2022-05-21 02:12:15,28.6585,-17.9182,291.01,85,0,3.6
281,Foshan,CN,2022-05-21 02:12:16,23.0268,113.1315,301.45,70,90,2.18
282,Gravdal,NO,2022-05-21 02:12:16,68.1214,13.5031,280.5,98,100,3.02
283,Chapais,CA,2022-05-21 02:12:17,49.7834,-74.8492,291.71,75,100,8.1
284,Saint George,US,2022-05-21 02:12:17,37.1041,-113.5841,293.68,12,1,5.36
285,Cidreira,BR,2022-05-21 02:12:17,-30.1811,-50.2056,285.22,84,4,2.39
286,Palu,ID,2022-05-21 02:12:18,-0.8917,119.8707,301.51,82,82,0.34
287,Mogadishu,SO,2022-05-21 02:12:18,2.0371,45.3438,299.45,81,61,6.77
288,Piacabucu,BR,2022-05-21 02:12:19,-10.4056,-36.4344,298.1,85,100,4.36
289,Mehamn,NO,2022-05-21 02:12:19,71.0357,27.8492,277.1,89,100,5.44
290,Bom Jesus,BR,2022-05-21 02:12:19,-9.0744,-44.3586,296.77,55,77,0.78
291,Cairns,AU,2022-05-21 02:12:20,-16.9167,145.7667,302.1,72,40,5.14
292,Bardiyah,LY,2022-05-21 02:03:20,31.7561,25.0865,289.72,68,1,5.03
293,Quatre Cocos,MU,2022-05-21 02:03:18,-20.2078,57.7625,297.09,73,51,7.98
294,Matay,EG,2022-05-21 02:12:20,28.419,30.7792,292.21,69,96,6.16
295,Turayf,SA,2022-05-21 02:12:12,31.6725,38.6637,293.75,33,99,7.24
296,Mahon,ES,2022-05-21 02:12:21,39.8885,4.2658,291.46,82,0,2.57
297,Gizo,SB,2022-05-21 02:12:22,-8.103,156.8419,302.87,66,6,3.75
298,Sao Joao Da Barra,BR,2022-05-21 02:12:22,-21.6403,-41.0511,290.78,82,0,4.29
299,Thinadhoo,MV,2022-05-21 02:12:22,0.5333,72.9333,301.46,72,55,4.38
300,Talnakh,RU,2022-05-21 02:12:23,69.4865,88.3972,279.38,83,92,3.85
301,Khatassy,RU,2022-05-21 02:12:23,61.9036,129.6383,282.14,72,98,3.73
302,Teya,RU,2022-05-21 02:12:24,60.3778,92.6267,286.68,64,100,3.24
303,Luena,AO,2022-05-21 02:12:24,-11.7833,19.9167,286.77,63,0,1.07
304,Saint-Georges,GD,2022-05-21 02:12:25,12.0564,-61.7485,299.89,74,40,7.18
305,Narsaq,GL,2022-05-21 02:12:25,60.9167,-46.05,277.25,74,8,0.6
306,Sakakah,SA,2022-05-21 02:12:26,29.9697,40.2064,297.13,21,0,5.55
307,Skjervoy,NO,2022-05-21 02:12:26,70.0311,20.9714,279.15,68,37,3.67
308,Sayyan,YE,2022-05-21 02:12:27,15.1718,44.3244,289.11,21,34,2.57
309,Mackenzie,CA,2022-05-21 02:12:27,55.2999,-123.1698,284.6,29,10,3.44
310,Bereda,ES,2022-05-21 02:12:27,43.2686,-7.5406,287.36,97,94,2.06
311,Shelby,US,2022-05-21 02:12:28,35.2001,-89.8668,302.1,61,0,4.63
312,Sabzevar,IR,2022-05-21 02:12:28,36.2126,57.6819,295.9,22,7,2.49
313,Kjollefjord,NO,2022-05-21 02:12:28,70.9457,27.3465,278.18,86,100,3.93
314,Kamenka,RU,2022-05-21 02:12:29,51.3223,42.7678,275.63,78,7,2.03
315,Junction City,US,2022-05-21 02:12:29,39.0286,-96.8314,292.26,58,40,3.99
316,Severo-Yeniseyskiy,RU,2022-05-21 02:12:30,60.3725,93.0408,285.75,60,100,3.87
317,Sola,VU,2022-05-21 02:12:30,-13.8833,167.55,300.82,76,64,5.07
318,Sunrise Manor,US,2022-05-21 02:13:30,36.2111,-115.0731,299.95,9,0,4.81
319,Fernley,US,2022-05-21 02:09:13,39.608,-119.2518,289.38,14,1,3.13
320,Touros,BR,2022-05-21 02:13:31,-5.1989,-35.4608,298.5,87,86,2.7
321,Matara,LK,2022-05-21 02:13:31,5.9485,80.5353,299.57,88,69,4.26
322,Tura,IN,2022-05-21 02:09:54,25.5198,90.2201,298.31,88,20,1.86
323,Petropavlovsk-Kamchatskiy,RU,2022-05-21 02:09:02,53.0452,158.6483,277.48,100,100,3.0
324,Itacare,BR,2022-05-21 02:13:32,-14.2775,-38.9967,294.55,65,50,2.9
325,Kyrylivka,UA,2022-05-21 02:13:33,46.3759,35.3675,288.02,68,85,9.02
326,Senador Jose Porfirio,BR,2022-05-21 02:13:33,-2.5908,-51.9542,295.35,95,100,0.26
327,Sikasso,ML,2022-05-21 02:13:34,10.9167,-7.0,300.46,54,37,2.21
328,Jiayuguan,CN,2022-05-21 02:13:34,39.8167,98.3,296.85,18,0,5.93
329,Seminole,US,2022-05-21 02:13:35,28.7086,-81.2081,296.51,94,75,3.6
330,Dudinka,RU,2022-05-21 02:13:35,69.4058,86.1778,279.61,84,95,5.37
331,Gold Coast,AU,2022-05-21 02:13:00,-28.0,153.4333,292.17,96,75,2.57
332,Xam Nua,LA,2022-05-21 02:13:36,20.4197,104.0439,293.93,98,100,1.01
333,Chimbarongo,CL,2022-05-21 02:13:36,-34.7,-71.05,283.0,91,0,1.59
334,Aksha,RU,2022-05-21 02:13:36,50.2814,113.2867,295.09,19,48,0.41
335,Conceicao Da Barra,BR,2022-05-21 02:12:37,-18.5933,-39.7322,291.73,79,0,2.27
336,Bandarbeyla,SO,2022-05-21 02:13:37,9.4942,50.8122,300.3,77,95,9.35
337,Krasnyy Klyuch,RU,2022-05-21 02:13:37,55.3863,56.6529,278.71,86,100,2.38
338,Rzhev,RU,2022-05-21 02:13:01,56.2624,34.3282,275.92,76,100,3.43
339,Yerofey Pavlovich,RU,2022-05-21 02:13:38,53.9667,121.9667,288.57,34,81,4.17
340,Del Rio,US,2022-05-21 02:13:38,29.3627,-100.8968,305.65,16,0,3.39
341,Aromashevo,RU,2022-05-21 02:13:39,56.8602,68.6375,280.53,80,100,2.8
342,Kumano,JP,2022-05-21 02:13:39,34.3442,132.5894,290.31,68,99,2.83
343,Broome,US,2022-05-21 02:13:40,42.2506,-75.833,293.71,83,98,2.68
344,Romitan,UZ,2022-05-21 02:13:40,39.9343,64.3814,293.12,56,0,0.0
345,Itarema,BR,2022-05-21 02:13:41,-2.9248,-39.9167,297.91,86,65,2.04
346,Lisakovsk,KZ,2022-05-21 02:13:41,52.5369,62.4936,289.17,76,89,8.6
347,Bireun,ID,2022-05-21 02:13:41,5.203,96.7009,301.44,67,100,1.13
348,Kalmunai,LK,2022-05-21 02:13:42,7.4167,81.8167,301.07,71,22,3.69
349,Skelleftea,SE,2022-05-21 02:13:43,64.7507,20.9528,273.35,86,68,1.54
350,Yerbogachen,RU,2022-05-21 02:12:12,61.2767,108.0108,282.53,85,100,0.56
351,Najran,SA,2022-05-21 02:09:00,17.4924,44.1277,295.23,16,53,1.15
352,Port Macquarie,AU,2022-05-21 02:13:43,-31.4333,152.9167,292.53,76,100,4.22
353,Kantunilkin,MX,2022-05-21 02:13:44,21.0917,-87.45,299.04,87,39,2.47
354,Manbij,SY,2022-05-21 02:13:44,36.5281,37.9549,287.54,38,0,3.77
355,Gaogou,CN,2022-05-21 02:13:45,34.0175,119.1886,300.4,42,0,2.69
356,Vologda,RU,2022-05-21 02:13:45,59.2187,39.8886,272.86,76,97,1.4
357,Ampanihy,MG,2022-05-21 02:13:45,-24.7,44.75,292.26,46,81,2.07
358,Ringebu,NO,2022-05-21 02:13:46,61.5167,10.1667,283.21,89,100,1.75
359,Santa Isabel,BR,2022-05-21 02:13:46,-23.3156,-46.2214,282.18,95,0,0.49
360,La Baule-Escoublac,FR,2022-05-21 02:13:46,47.2922,-2.364,285.96,95,0,2.57
361,Coihaique,CL,2022-05-21 02:13:47,-45.5752,-72.0662,278.49,95,97,2.92
362,Jumla,NP,2022-05-21 02:13:47,29.2747,82.1838,290.75,45,1,1.4
363,Port-Cartier,CA,2022-05-21 02:14:48,50.0334,-66.8654,281.34,81,100,2.83
364,Khipro,PK,2022-05-21 02:14:11,25.8285,69.3772,302.35,68,0,8.57
365,Baft,IR,2022-05-21 02:14:48,29.234,56.6057,291.68,23,0,0.92
366,Ixtapa,MX,2022-05-21 02:14:49,20.7,-105.2,295.82,77,1,0.5
367,Puerto Leguizamo,CO,2022-05-21 02:14:49,-0.1934,-74.7819,293.85,98,21,0.17
368,Mahebourg,MU,2022-05-21 02:14:50,-20.4081,57.7,297.18,76,31,7.98
369,Okhotsk,RU,2022-05-21 02:14:50,59.3833,143.3,276.59,78,99,3.02
370,Mgandu,TZ,2022-05-21 02:14:51,-5.95,34.1333,287.45,96,100,3.13
371,Markdale,CA,2022-05-21 02:14:51,44.3168,-80.6497,297.2,84,51,8.81
372,Nortelandia,BR,2022-05-21 02:14:51,-14.4547,-56.8028,286.68,51,43,1.03
373,Balkhash,KZ,2022-05-21 02:14:52,46.844,74.9804,292.49,42,0,7.0
374,Pierre,US,2022-05-21 02:14:52,44.3683,-100.351,281.4,60,98,3.58
375,Pasighat,IN,2022-05-21 02:14:53,28.0667,95.3333,296.93,87,80,0.16
376,Japura,ID,2022-05-21 02:14:53,-0.3167,102.35,298.2,91,95,2.0
377,Bathsheba,BB,2022-05-21 02:14:53,13.2167,-59.5167,300.11,67,92,8.53
378,Wajir,KE,2022-05-21 02:14:54,1.7471,40.0573,297.4,81,98,5.94
379,Chara,RU,2022-05-21 02:14:54,56.9064,118.2631,280.01,84,100,1.55
380,Diego De Almagro,CL,2022-05-21 02:14:55,-26.3667,-70.05,287.74,43,65,0.88
381,Pevek,RU,2022-05-21 02:12:10,69.7008,170.3133,273.88,99,83,2.41
382,Omsukchan,RU,2022-05-21 02:14:55,62.5333,155.8,276.63,78,100,2.32
383,Lishui,CN,2022-05-21 02:14:56,28.4604,119.9103,292.91,92,100,0.85
384,Ponta Do Sol,PT,2022-05-21 02:14:56,32.6667,-17.1,291.88,82,0,1.66
385,Tateyama,JP,2022-05-21 02:14:57,34.9833,139.8667,291.33,78,100,4.08
386,Winnemucca,US,2022-05-21 02:14:57,40.973,-117.7357,286.87,20,65,4.83
387,Cam Ranh,VN,2022-05-21 02:14:57,11.9214,109.1591,304.13,58,20,2.57
388,Santarem,BR,2022-05-21 02:14:58,-2.4431,-54.7083,295.1,92,100,0.39
389,Sibolga,ID,2022-05-21 02:14:58,1.7427,98.7792,301.36,75,95,0.17
390,Santa Quiteria,BR,2022-05-21 02:14:59,-4.3319,-40.1567,294.46,98,80,0.85
391,La Orilla,MX,2022-05-21 02:14:59,17.9833,-102.2333,298.1,73,1,3.59
392,San Fernando,PH,2022-05-21 02:15:00,15.0286,120.6898,303.66,62,66,0.7
393,Arauca,CO,2022-05-21 02:15:00,7.0847,-70.7591,296.79,82,85,1.33
394,Halifax,CA,2022-05-21 02:12:22,44.6453,-63.5724,282.33,87,40,3.09
395,Saint Anthony,US,2022-05-21 02:15:01,45.0205,-93.218,288.93,59,75,5.14
396,Tazovskiy,RU,2022-05-21 02:15:01,67.4667,78.7,274.89,98,100,1.84
397,Mount Gambier,AU,2022-05-21 02:10:20,-37.8333,140.7667,287.28,55,5,3.13
398,Karasjok,NO,2022-05-21 02:15:02,69.4719,25.5112,275.58,100,100,1.32
399,Junin,AR,2022-05-21 02:10:19,-34.5838,-60.9433,285.68,53,100,2.93
400,Mayor Pablo Lagerenza,PY,2022-05-21 02:15:02,-19.9309,-60.7718,286.76,37,15,2.59
401,Norman Wells,CA,2022-05-21 02:15:03,65.282,-126.8329,286.46,52,74,6.09
402,West Monroe,US,2022-05-21 02:15:03,32.5185,-92.1476,302.55,68,0,6.14
403,Kletskaya,RU,2022-05-21 02:15:03,49.3145,43.0584,279.53,74,95,1.86
404,Komsomolskiy,UZ,2022-05-21 02:15:04,40.4272,71.7189,291.55,68,47,1.03
405,Poum,NC,2022-05-21 02:15:04,-20.2333,164.0167,298.77,81,2,3.2
406,Russell,US,2022-05-21 02:15:05,32.3502,-85.1999,298.13,64,74,1.93
407,Gigmoto,PH,2022-05-21 02:15:05,13.7796,124.39,302.2,74,100,4.57
408,Maputo,MZ,2022-05-21 02:15:36,-25.9653,32.5892,293.83,88,95,1.79
409,Swan River,CA,2022-05-21 02:16:06,52.1058,-101.2676,275.88,78,100,3.92
410,Kirakira,SB,2022-05-21 02:16:07,-10.4544,161.9205,302.29,71,67,2.95
411,Vvedenskoye,RU,2022-05-21 02:16:07,55.4753,65.0847,279.42,93,100,6.43
412,Margate,GB,2022-05-21 02:16:07,51.3813,1.3862,284.43,91,47,0.89
413,Mujiayingzi,CN,2022-05-21 02:16:08,42.1167,118.7833,302.23,12,45,5.81
414,Ouango,CF,2022-05-21 02:16:08,4.3133,22.5552,293.76,99,100,0.61
415,Paamiut,GL,2022-05-21 02:16:09,61.994,-49.6678,274.55,83,84,3.9
416,Marawi,PH,2022-05-21 02:16:09,7.9986,124.2928,295.53,93,100,0.83
417,Myrtle Beach,US,2022-05-21 02:12:12,33.6891,-78.8867,299.45,87,19,0.89
418,Port Blair,IN,2022-05-21 02:16:10,11.6667,92.75,301.63,80,100,8.92
419,Spas-Demensk,RU,2022-05-21 02:16:10,54.4122,34.0226,280.15,97,100,3.06
420,Mayumba,GA,2022-05-21 02:16:10,-3.432,10.6554,297.71,88,97,2.92
421,Mishelevka,RU,2022-05-21 02:16:11,52.8575,103.1719,287.09,76,100,6.88
422,Calolbon,PH,2022-05-21 02:16:11,13.596,124.0991,302.02,73,99,4.16
423,Pedasi,PA,2022-05-21 02:16:12,7.5333,-80.0333,298.74,88,100,0.74
424,Dubti,ET,2022-05-21 02:16:12,11.7361,41.0853,304.18,24,100,1.87
425,Port Lincoln,AU,2022-05-21 02:11:16,-34.7333,135.8667,288.9,60,0,6.97
426,Camacupa,AO,2022-05-21 02:16:13,-12.0167,17.4833,286.5,66,3,1.48
427,Abidjan,CI,2022-05-21 02:16:13,5.3094,-4.0197,301.13,83,40,4.12
428,Rapu-Rapu,PH,2022-05-21 02:16:14,13.1866,124.1256,301.6,74,100,3.36
429,Ahipara,NZ,2022-05-21 02:16:14,-35.1667,173.1667,289.73,64,100,6.68
430,Taoudenni,ML,2022-05-21 02:16:15,22.6783,-3.9836,307.31,8,18,5.75
431,Karlskrona,SE,2022-05-21 02:16:15,56.1616,15.5866,283.4,90,98,6.69
432,Banda Aceh,ID,2022-05-21 02:16:15,5.5577,95.3222,302.2,73,100,4.97
433,Boca Do Acre,BR,2022-05-21 02:16:16,-8.7522,-67.3978,293.63,75,92,0.38
434,Jalingo,NG,2022-05-21 02:16:16,8.8833,11.3667,299.66,77,88,1.79
435,Marystown,CA,2022-05-21 02:16:17,47.1666,-55.1483,279.74,100,0,1.09
436,Sabang,ID,2022-05-21 02:16:17,5.8933,95.3214,301.82,76,100,7.58
437,Klyuchi,RU,2022-05-21 02:16:17,52.2667,79.1667,295.16,35,14,4.19
438,Kaeo,NZ,2022-05-21 02:16:18,-35.1,173.7833,290.55,66,100,4.81
439,Xuddur,SO,2022-05-21 02:16:18,4.1213,43.8894,294.55,90,64,5.17
440,La Ronge,CA,2022-05-21 02:16:19,55.1001,-105.2842,279.6,38,92,2.72
441,Aasiaat,GL,2022-05-21 02:12:19,68.7098,-52.8699,270.91,75,100,1.58
442,Megion,RU,2022-05-21 02:16:19,61.0296,76.1136,279.16,86,98,6.73
443,Shenkursk,RU,2022-05-21 02:16:20,62.1091,42.896,273.06,73,100,2.55
444,Kashi,CN,2022-05-21 02:16:20,39.4547,75.9797,294.51,39,100,6.61
445,Yacuiba,BO,2022-05-21 02:16:20,-22.038,-63.6797,285.69,53,20,1.79
446,Santa Cruz,BO,2022-05-21 02:12:17,-17.8,-63.1667,287.47,66,37,2.69
447,Kangaatsiaq,GL,2022-05-21 02:16:21,68.3065,-53.4641,272.28,83,100,2.41
448,Caravelas,BR,2022-05-21 02:16:21,-17.7125,-39.2481,294.09,68,0,3.14
449,Mount Isa,AU,2022-05-21 02:16:22,-20.7333,139.5,299.02,47,0,6.17
450,Vila Franca Do Campo,PT,2022-05-21 02:16:22,37.7167,-25.4333,292.15,87,100,1.82
451,Dourados,BR,2022-05-21 02:16:23,-22.2211,-54.8056,282.75,69,0,2.68
452,Delta Del Tigre,UY,2022-05-21 02:16:23,-34.7633,-56.3853,282.21,81,39,4.03
453,Jasper,US,2022-05-21 02:13:12,37.2001,-94.3502,298.84,95,100,6.56
454,Hofn,IS,2022-05-21 02:16:24,64.2539,-15.2082,281.78,95,100,4.36
455,Canandaigua,US,2022-05-21 02:17:24,42.8742,-77.288,295.74,83,78,0.45
456,Znamenskoye,RU,2022-05-21 02:17:25,57.1281,73.8282,282.22,57,100,3.72
457,Medianeira,BR,2022-05-21 02:17:25,-25.2953,-54.0939,281.21,92,0,1.85
458,Carlsbad,US,2022-05-21 02:12:32,33.1581,-117.3506,291.4,84,100,3.6
459,Aklavik,CA,2022-05-21 02:17:26,68.2191,-135.0107,279.96,77,87,4.7
460,Senno,RU,2022-05-21 02:17:26,59.5336,33.9167,271.63,75,83,2.71
461,Ternate,ID,2022-05-21 02:17:26,0.8,127.4,302.06,70,100,1.08
462,Vao,NC,2022-05-21 02:17:27,-22.6667,167.4833,296.35,88,100,12.98
463,Loiza,PR,2022-05-21 02:17:27,18.4313,-65.8802,300.41,84,46,4.73
464,Takhtamygda,RU,2022-05-21 02:17:28,54.1,123.5667,288.76,34,56,4.75
465,Alenquer,BR,2022-05-21 02:17:28,-1.9417,-54.7383,295.19,91,100,0.55
466,Sao Filipe,CV,2022-05-21 02:17:28,14.8961,-24.4956,296.15,73,97,4.0
467,Blyth,GB,2022-05-21 02:17:29,55.1271,-1.5086,284.59,85,0,6.17
468,Voh,NC,2022-05-21 02:17:29,-20.9667,164.7,300.77,70,66,6.07
469,Elwood,AU,2022-05-21 02:17:30,-37.8817,144.983,289.42,73,2,0.89
470,Polson,US,2022-05-21 02:17:30,47.6936,-114.1632,281.88,74,85,1.46
471,Boda,CF,2022-05-21 02:17:30,4.3189,17.4695,294.21,94,100,0.96
472,Deputatskiy,RU,2022-05-21 02:17:31,69.3,139.9,272.87,100,100,0.65
473,Helena,US,2022-05-21 02:17:31,46.5927,-112.0361,279.36,65,80,1.34
474,George,ZA,2022-05-21 02:17:32,-33.963,22.4617,284.1,78,1,2.5
475,Drochia,MD,2022-05-21 02:17:32,48.035,27.8161,287.32,71,25,3.08
476,Kungurtug,RU,2022-05-21 02:17:33,50.5994,97.5228,284.08,80,100,1.79
477,Izvestkovyy,RU,2022-05-21 02:17:33,48.9833,131.55,288.87,75,100,1.6
478,Bahia Honda,CU,2022-05-21 02:17:33,22.9036,-83.1592,299.83,83,83,5.46
479,Marsa Matruh,EG,2022-05-21 02:17:34,31.3525,27.2453,289.76,66,0,4.13
480,Quesnel,CA,2022-05-21 02:17:34,52.9999,-122.5029,286.15,32,35,3.92
481,Pacific Grove,US,2022-05-21 02:13:27,36.6177,-121.9166,295.68,69,4,2.68
482,Esmeraldas,BR,2022-05-21 02:17:35,-19.7625,-44.3139,283.34,68,0,1.24
483,Tver,RU,2022-05-21 02:17:36,56.8619,35.8931,275.31,69,100,2.42
484,Pisco,PE,2022-05-21 02:17:37,-13.7,-76.2167,291.49,85,49,0.31
485,Onega,RU,2022-05-21 02:17:37,63.9061,38.1404,273.2,76,19,2.25
486,Miyako,JP,2022-05-21 02:17:38,39.6367,141.9525,293.37,51,100,2.39
487,La Plata,AR,2022-05-21 02:17:29,-34.9215,-57.9545,287.05,77,98,4.17
488,Caxito,AO,2022-05-21 02:17:39,-8.5785,13.6643,291.94,98,12,1.19
489,Natal,BR,2022-05-21 02:13:51,-5.795,-35.2094,297.72,89,31,2.42
490,Maningrida,AU,2022-05-21 02:17:39,-12.0667,134.2667,304.45,45,4,5.47
491,Bayir,TR,2022-05-21 02:17:40,37.2687,28.2167,282.44,59,0,1.3
492,Parabel,RU,2022-05-21 02:17:40,58.6978,81.4825,282.76,61,3,6.42
493,San Quintin,MX,2022-05-21 02:17:41,30.4833,-115.95,290.33,74,45,3.04
494,Orshanka,RU,2022-05-21 02:17:42,56.9161,47.8933,275.2,91,97,4.86
495,Chernyshkovskiy,RU,2022-05-21 02:17:42,48.4219,42.2308,282.2,84,100,1.71
496,Ipameri,BR,2022-05-21 02:17:43,-17.7219,-48.1597,283.36,58,0,1.76
497,Umm Kaddadah,SD,2022-05-21 02:17:43,13.6017,26.6876,299.18,13,79,2.35
498,Tynda,RU,2022-05-21 02:17:44,55.1667,124.7167,284.81,49,67,5.39
499,Sept-Iles,CA,2022-05-21 02:15:01,50.2001,-66.3821,281.51,78,100,0.89
500,Pontal Do Parana,BR,2022-05-21 02:17:45,-25.6533,-48.5128,286.45,93,10,1.74
501,Bonthe,SL,2022-05-21 02:17:45,7.5264,-12.505,298.97,86,100,3.74
502,Wenling,CN,2022-05-21 02:17:46,28.3669,121.36,294.08,84,90,2.84
503,Manono,CD,2022-05-21 02:17:46,-7.3,27.4167,294.22,70,92,1.58
504,Sri Aman,MY,2022-05-21 02:18:47,1.2376,111.4621,303.01,68,75,1.03
505,Haian,CN,2022-05-21 02:18:47,32.5436,120.45,297.97,48,100,1.82
506,Maniitsoq,GL,2022-05-21 02:18:48,65.4167,-52.9,275.31,70,100,2.19
507,Meridian,US,2022-05-21 02:08:40,43.6121,-116.3915,290.32,31,52,2.0
508,Mahajanga,MG,2022-05-21 02:18:48,-15.7167,46.3167,297.47,64,8,7.2
509,Barcelos,PT,2022-05-21 02:18:49,41.5388,-8.6151,300.2,53,99,2.91
510,Byron Bay,AU,2022-05-21 02:17:46,-28.65,153.6167,289.66,80,100,5.76
511,Ayapa,MX,2022-05-21 02:18:49,18.1833,-93.1667,305.36,53,71,1.41
512,Pidhaytsi,UA,2022-05-21 02:18:50,49.2685,25.1334,285.77,73,83,3.27
513,Liverpool,GB,2022-05-21 02:18:50,53.4106,-2.9779,286.12,79,20,7.72
514,Merauke,ID,2022-05-21 02:18:51,-8.4667,140.3333,303.0,62,7,3.76
515,Yermakovskoye,RU,2022-05-21 02:18:51,53.2831,92.4003,293.52,44,10,1.72
516,Whitehorse,CA,2022-05-21 02:18:52,60.7161,-135.0538,288.32,33,17,2.24
517,Tambopata,PE,2022-05-21 02:18:52,-12.7333,-69.1833,294.22,67,96,0.45
518,Flin Flon,CA,2022-05-21 02:18:52,54.7682,-101.865,279.54,39,100,4.83
519,Bilibino,RU,2022-05-21 02:18:53,68.0546,166.4372,279.31,76,99,1.19
520,Nyurba,RU,2022-05-21 02:18:54,63.2842,118.3319,286.88,54,100,2.11
521,Masingbi,SL,2022-05-21 02:18:54,8.7833,-11.95,297.46,96,100,1.22
522,Martapura,ID,2022-05-21 02:18:55,-3.4167,114.85,298.2,94,40,1.03
523,Victoria,HK,2022-05-21 02:14:29,22.2855,114.1577,302.06,77,46,1.79
524,Puro,PH,2022-05-21 02:18:55,12.4841,123.3827,301.72,73,100,2.05
525,Formby,GB,2022-05-21 02:18:56,53.5536,-3.0682,286.23,80,63,7.55
526,Mubi,NG,2022-05-21 02:18:56,10.2676,13.2644,300.17,61,92,2.77
527,Zeya,RU,2022-05-21 02:18:56,53.75,127.2667,286.54,54,73,5.75
528,Aquiraz,BR,2022-05-21 02:18:57,-3.9014,-38.3911,301.03,85,76,2.1
529,Liaozhong,CN,2022-05-21 02:18:57,41.5061,122.7242,300.04,34,52,6.18
530,Ocean City,US,2022-05-21 02:15:46,39.2776,-74.5746,294.98,89,97,1.79
531,Xacmaz,AZ,2022-05-21 02:18:58,41.4635,48.806,284.62,77,82,2.0
532,Vuktyl,RU,2022-05-21 02:18:58,63.8567,57.3094,273.66,70,100,5.79
533,Arlit,NE,2022-05-21 02:18:59,18.7369,7.3853,302.86,26,6,3.55
534,Dawlatabad,AF,2022-05-21 02:18:59,36.4141,64.9053,298.91,23,0,1.21
535,Praia Da Vitoria,PT,2022-05-21 02:19:00,38.7333,-27.0667,290.79,97,100,3.37
536,Springfield,US,2022-05-21 02:13:49,37.2153,-93.2982,298.81,97,62,3.45
537,Trofors,NO,2022-05-21 02:19:01,65.5333,13.4063,279.02,86,89,1.4
538,Ossora,RU,2022-05-21 02:19:01,59.2353,163.0719,276.96,86,99,3.17
539,Sao Jose Da Coroa Grande,BR,2022-05-21 02:19:02,-8.8978,-35.1478,297.07,92,82,3.04
